[
  {
    "AppName": "contoso"
  },
  {
    "AppDescription": "The Contoso Application is an enterprise system that supports a multi-national business with headquarters in Paris, France. It provides features for manufacturing, sales, and support, and inventory of over 100,000 products."
  },
  {
    "OrganizationName": "Contoso Inc"
  },
  {
    "PrimaryColor": "Green"
  },
  {
    "SecondaryColor": "#3DC2FF"
  },
  {
    "TertiaryColor": "#5260FF"
  },
  {
    "BackgroundColor": "#FFFFFF"
  }
]