{
  "debugInfo": "Name: contoso Business Model, Level: business model, ClassName: businessmodel",
  "id": 1,
  "parentId": 0,
  "name": "contoso Business Model",
  "title": "business model",
  "className": "businessmodel",
  "isSystemRole": false,
  "isPseudoRole": false,
  "shadowItem": 0,
  "isApp": false,
  "isDataItem": false,
  "isSystemTask": false,
  "showInUI": false,
  "children": [
    {
      "debugInfo": "Name: \"contoso Internal, Level: stakeholder, ClassName: stakeholder",
      "id": 2,
      "parentId": 1,
      "name": "\"contoso Internal",
      "title": "stakeholder",
      "className": "stakeholder",
      "stakeholderKind": "InternalRoot",
      "isSystemRole": false,
      "isPseudoRole": false,
      "shadowItem": 0,
      "isApp": false,
      "isDataItem": false,
      "isSystemTask": false,
      "showInUI": true,
      "children": [
        {
          "debugInfo": "Name: contoso Administrator, Level: role, ClassName: role",
          "id": 4,
          "parentId": 2,
          "name": "contoso Administrator",
          "title": "role",
          "className": "role",
          "userRoles": "Administrator",
          "isSystemRole": false,
          "isPseudoRole": false,
          "pseudoRoles": "User",
          "shadowItem": 0,
          "isApp": false,
          "isDataItem": false,
          "identityKind": "Administrators",
          "isSystemTask": false,
          "showInUI": true,
          "uiName": "contoso Administration",
          "children": [
            {
              "debugInfo": "Name: User Administration, Level: responsibility, ClassName: responsibility",
              "id": 5,
              "parentId": 4,
              "name": "User Administration",
              "title": "responsibility",
              "className": "responsibility",
              "isSystemRole": false,
              "isPseudoRole": false,
              "shadowItem": 0,
              "isApp": false,
              "isDataItem": false,
              "isSystemTask": false,
              "showInUI": true,
              "children": [
                {
                  "debugInfo": "Name: Manage Users, Level: task, ClassName: task",
                  "id": 6,
                  "parentId": 5,
                  "name": "Manage Users",
                  "title": "task",
                  "className": "task",
                  "isSystemRole": false,
                  "isPseudoRole": false,
                  "shadowItem": 0,
                  "isApp": false,
                  "isDataItem": false,
                  "isSystemTask": true,
                  "taskCapabilities": "Search,List,Create,Read,Update,Delete",
                  "showInUI": true,
                  "children": [
                    {
                      "debugInfo": "Name: User, Level: data item, ClassName: dataitem",
                      "id": 7,
                      "parentId": 6,
                      "name": "User",
                      "title": "data item",
                      "className": "dataitem",
                      "isSystemRole": false,
                      "isPseudoRole": false,
                      "shadowItem": 0,
                      "isApp": false,
                      "isDataItem": false,
                      "isSystemTask": false,
                      "showInUI": true,
                      "children": [
                        {
                          "debugInfo": "Name: User Preferences, Level: responsibility, ClassName: responsibility",
                          "id": 14,
                          "parentId": 7,
                          "name": "User Preferences",
                          "title": "responsibility",
                          "className": "responsibility",
                          "isSystemRole": false,
                          "isPseudoRole": false,
                          "shadowItem": 0,
                          "isApp": false,
                          "isDataItem": false,
                          "isSystemTask": true,
                          "taskCapabilities": "Read, Update",
                          "showInUI": true,
                          "children": [
                            {
                              "debugInfo": "Name: contoso, Level: system, ClassName: system",
                              "id": 15,
                              "parentId": 14,
                              "name": "contoso",
                              "title": "system",
                              "className": "system",
                              "isSystemRole": false,
                              "isPseudoRole": false,
                              "shadowItem": 8,
                              "isApp": false,
                              "isDataItem": false,
                              "appSettingsKind": "UserPreferences",
                              "isSystemTask": false,
                              "showInUI": true,
                              "children": []
                            },
                            {
                              "debugInfo": "Name: User, Level: data item, ClassName: dataitem",
                              "id": 16,
                              "parentId": 14,
                              "name": "User",
                              "title": "data item",
                              "className": "dataitem",
                              "isSystemRole": false,
                              "isPseudoRole": false,
                              "shadowItem": 7,
                              "isApp": false,
                              "isDataItem": false,
                              "appSettingsKind": "ProfilePreferences",
                              "isSystemTask": false,
                              "showInUI": true,
                              "children": []
                            }
                          ]
                        }
                      ]
                    }
                  ]
                }
              ]
            },
            {
              "debugInfo": "Name: contoso Administration, Level: responsibility, ClassName: responsibility",
              "id": 9,
              "parentId": 4,
              "name": "contoso Administration",
              "title": "responsibility",
              "className": "responsibility",
              "isSystemRole": false,
              "isPseudoRole": false,
              "shadowItem": 0,
              "isApp": false,
              "isDataItem": false,
              "isSystemTask": false,
              "showInUI": true,
              "children": [
                {
                  "debugInfo": "Name: contoso, Level: system, ClassName: system",
                  "id": 10,
                  "parentId": 9,
                  "name": "contoso",
                  "title": "system",
                  "className": "system",
                  "isSystemRole": false,
                  "isPseudoRole": false,
                  "shadowItem": 8,
                  "isApp": false,
                  "isDataItem": true,
                  "appSettingsKind": "GlobalSettings",
                  "isSystemTask": false,
                  "showInUI": true,
                  "children": []
                }
              ]
            }
          ]
        },
        {
          "debugInfo": "Name: contoso, Level: system, ClassName: system",
          "id": 8,
          "parentId": 2,
          "name": "contoso",
          "title": "system",
          "className": "system",
          "isSystemRole": false,
          "isPseudoRole": false,
          "shadowItem": 0,
          "isApp": true,
          "isDataItem": false,
          "isSystemTask": false,
          "showInUI": false,
          "children": []
        }
      ]
    },
    {
      "debugInfo": "Name: User, Level: role, ClassName: role",
      "id": 3,
      "parentId": 1,
      "name": "User",
      "title": "role",
      "className": "role",
      "userRoles": "User",
      "isSystemRole": true,
      "isPseudoRole": true,
      "shadowItem": 0,
      "isApp": false,
      "isDataItem": true,
      "identityKind": "Users",
      "isSystemTask": false,
      "showInUI": true,
      "children": []
    },
    {
      "debugInfo": "Name: Stakeholders, Level: stakeholder, ClassName: stakeholder",
      "id": 11,
      "parentId": 1,
      "name": "Stakeholders",
      "title": "stakeholder",
      "className": "stakeholder",
      "stakeholderKind": "ExternalRoot",
      "isSystemRole": false,
      "isPseudoRole": false,
      "shadowItem": 0,
      "isApp": false,
      "isDataItem": false,
      "isSystemTask": false,
      "showInUI": false,
      "children": [
        {
          "debugInfo": "Name: Customers, Level: stakeholder, ClassName: stakeholder",
          "id": 12,
          "parentId": 11,
          "name": "Customers",
          "title": "stakeholder",
          "className": "stakeholder",
          "stakeholderKind": "Customer",
          "isSystemRole": false,
          "isPseudoRole": false,
          "shadowItem": 0,
          "isApp": false,
          "isDataItem": false,
          "isSystemTask": false,
          "showInUI": false,
          "children": []
        },
        {
          "debugInfo": "Name: Suppliers, Level: stakeholder, ClassName: stakeholder",
          "id": 13,
          "parentId": 11,
          "name": "Suppliers",
          "title": "stakeholder",
          "className": "stakeholder",
          "stakeholderKind": "Supplier",
          "isSystemRole": false,
          "isPseudoRole": false,
          "shadowItem": 0,
          "isApp": false,
          "isDataItem": false,
          "isSystemTask": false,
          "showInUI": false,
          "children": []
        }
      ]
    }
  ]
}
