{
  "id": "1",
  "name": "Ripley",
  "title": "business model",
  "className": "businessmodel",
  "children": [
    {
      "id": "2",
      "name": "Ripley Internal",
      "title": "stakeholder",
      "className": "stakeholder",
      "children": [
        {
          "id": "3",
          "name": "User",
          "title": "dataitem",
          "className": "dataitem"
        }
      ]
    },
    {
      "id": "4",
      "name": "External",
      "title": "stakeholder",
      "className": "stakeholder",
      "children": [
        {
          "id": "5",
          "name": "Customers",
          "title": "stakeholder",
          "className": "stakeholder"
        },
        {
          "id": "6",
          "name": "Suppliers",
          "title": "stakeholder",
          "className": "stakeholder"
        }
      ]
    }
  ]
}
